{"KType": "ST","maxSpatialDistance":20.0,"maxTemporalDistance":20,"temporalUnit":"MONTHS","kmax":[[0.0,0.0,0.0,0.0,0.0,0.0,0.0,0.0,0.0,0.0,0.0],[0.0,383391.3172860061,277249.1375423741,229546.29500868003,201585.52311659534,185071.60346639625,174721.2398055265,168931.70135516397,161134.06751268147,153093.82414004422,145831.96907193481],[0.0,383389.3172860061,277247.1375423741,229544.29500868003,201583.52311659534,185069.60346639625,174719.2398055265,168929.70135516397,161132.06751268147,153091.82414004422,145829.96907193481],[0.0,383387.3172860061,277245.1375423741,229542.29500868003,201581.52311659534,185067.60346639625,174717.2398055265,168927.70135516397,161130.06751268147,153089.82414004422,145827.96907193481],[0.0,383385.3172860061,277243.1375423741,229540.29500868003,201579.52311659534,185065.60346639625,174715.2398055265,168925.70135516397,161128.06751268147,153087.82414004422,145825.96907193481],[0.0,383421.5662024019,277267.58362148533,229570.23619602225,201604.80181054637,185087.3737422941,174734.22188831941,168948.50235089747,161148.8185879573,153107.109416214,145844.0797490622],[0.0,383419.5662024019,277265.58362148533,229568.23619602225,201602.80181054637,185085.3737422941,174732.22188831941,168946.50235089747,161146.8185879573,153105.109416214,145842.0797490622],[0.0,383417.5662024019,277263.58362148533,229566.23619602225,201600.80181054637,185083.3737422941,174730.22188831941,168944.50235089747,161144.8185879573,153103.109416214,145840.0797490622],[0.0,383434.6892298621,277274.80571519944,229574.88227097454,201616.9855562343,185097.2188971556,174742.20854396894,168954.90148368588,161154.19292125167,153111.75094477684,145848.13404785862],[0.0,383432.6892298621,277272.80571519944,229572.88227097454,201614.9855562343,185095.2188971556,174740.20854396894,168952.90148368588,161152.19292125167,153109.75094477684,145846.13404785862],[0.0,383430.6892298621,277270.80571519944,229570.88227097454,201612.9855562343,185093.2188971556,174738.20854396894,168950.90148368588,161150.19292125167,153107.75094477684,145844.13404785862]],"kest":[[0.0,0.0,0.0,0.0,0.0,0.0,0.0,0.0,0.0,0.0,0.0],[0.0,380939.49340980686,273859.1903631801,225856.0535300558,197555.11466771163,184096.07425068688,169993.4677381771,161060.78768549085,152298.19532386985,144351.95767713815,137633.1645179626],[0.0,380937.49340980686,273857.1903631801,225854.0535300558,197553.11466771163,184094.07425068688,169991.4677381771,161058.78768549085,152296.19532386985,144349.95767713815,137631.1645179626],[0.0,380935.49340980686,273855.1903631801,225852.0535300558,197551.11466771163,184092.07425068688,169989.4677381771,161056.78768549085,152294.19532386985,144347.95767713815,137629.1645179626],[0.0,380933.49340980686,273853.1903631801,225850.0535300558,197549.11466771163,184090.07425068688,169987.4677381771,161054.78768549085,152292.19532386985,144345.95767713815,137627.1645179626],[0.0,380989.2345564254,273904.73455803125,225891.33648333745,197584.22731006274,184119.93518478988,170014.22119159336,161078.8004801203,152314.26612625972,144366.53176299288,137646.4729900428],[0.0,381055.2070697284,273950.00757343584,225927.55020920627,197614.99349809487,184146.0651109887,170044.79415645121,161106.26896619346,152339.53473504924,144390.10486191558,137668.61237601843],[0.0,381053.2070697284,273948.00757343584,225925.55020920627,197612.99349809487,184144.0651109887,170042.79415645121,161104.26896619346,152337.53473504924,144388.10486191558,137666.61237601843],[0.0,381070.44874142745,273959.38967739785,225934.36782196566,197620.26903153022,184157.99107798826,170055.16630667512,161115.27141003357,152347.5665562219,144397.38858284717,137675.2635076072],[0.0,381068.44874142745,273957.38967739785,225932.36782196566,197618.26903153022,184155.99107798826,170053.16630667512,161113.27141003357,152345.5665562219,144395.38858284717,137673.2635076072],[0.0,381066.44874142745,273955.38967739785,225930.36782196566,197616.26903153022,184153.99107798826,170051.16630667512,161111.27141003357,152343.5665562219,144393.38858284717,137671.2635076072]],"kmin":[[0.0,0.0,0.0,0.0,0.0,0.0,0.0,0.0,0.0,0.0,0.0],[0.0,383391.3172860061,277249.1375423741,229546.29500868003,201585.52311659534,185071.60346639625,174721.2398055265,168931.70135516397,161134.06751268147,153093.82414004422,145831.96907193481],[0.0,383389.3172860061,277247.1375423741,229544.29500868003,201583.52311659534,185069.60346639625,174719.2398055265,168929.70135516397,161132.06751268147,153091.82414004422,145829.96907193481],[0.0,383387.3172860061,277245.1375423741,229542.29500868003,201581.52311659534,185067.60346639625,174717.2398055265,168927.70135516397,161130.06751268147,153089.82414004422,145827.96907193481],[0.0,383385.3172860061,277243.1375423741,229540.29500868003,201579.52311659534,185065.60346639625,174715.2398055265,168925.70135516397,161128.06751268147,153087.82414004422,145825.96907193481],[0.0,383421.5662024019,277267.58362148533,229570.23619602225,201604.80181054637,185087.3737422941,174734.22188831941,168948.50235089747,161148.8185879573,153107.109416214,145844.0797490622],[0.0,383419.5662024019,277265.58362148533,229568.23619602225,201602.80181054637,185085.3737422941,174732.22188831941,168946.50235089747,161146.8185879573,153105.109416214,145842.0797490622],[0.0,383417.5662024019,277263.58362148533,229566.23619602225,201600.80181054637,185083.3737422941,174730.22188831941,168944.50235089747,161144.8185879573,153103.109416214,145840.0797490622],[0.0,383434.6892298621,277274.80571519944,229574.88227097454,201616.9855562343,185097.2188971556,174742.20854396894,168954.90148368588,161154.19292125167,153111.75094477684,145848.13404785862],[0.0,383432.6892298621,277272.80571519944,229572.88227097454,201614.9855562343,185095.2188971556,174740.20854396894,168952.90148368588,161152.19292125167,153109.75094477684,145846.13404785862],[0.0,383430.6892298621,277270.80571519944,229570.88227097454,201612.9855562343,185093.2188971556,174738.20854396894,168950.90148368588,161150.19292125167,153107.75094477684,145844.13404785862]]}