{
    "KType": "Cross",
    "maxSpatialDistance": 2000.0,
    "maxTemporalDistance": 20,
    "temporalUnit": "MONTHS",
    "estimationTime": 3093,
    "simulationTime": 2239,
    "numPartitions": 11,
    "kmin": [
        0.0,
        383430.6892298621,
        277270.80571519944,
        229570.88227097454,
        201612.9855562343,
        185093.2188971556,
        174738.20854396894,
        168950.90148368588,
        161150.19292125167,
        153107.75094477684,
        145844.13404785862
    ],
    "kest": [
        0.0,
        381066.44874142745,
        273955.38967739785,
        225930.36782196566,
        197616.26903153022,
        184153.99107798826,
        170051.16630667512,
        161111.27141003357,
        152343.5665562219,
        144393.38858284717,
        137671.2635076072
    ],
    "kmax": [
        0.0,
        383430.6892298621,
        277270.80571519944,
        229570.88227097454,
        201612.9855562343,
        185093.2188971556,
        174738.20854396894,
        168950.90148368588,
        161150.19292125167,
        153107.75094477684,
        145844.13404785862
    ]
}