{
    "maxSpatialDistance": 1600,
    "maxTemporalDistance": 2,
    "temporalUnit": "MONTHS",
    "kmin": [
        {
            "x": 11855477.345505137,
            "y": 3374401.700738571,
            "k": [
                0,
                -80,
                -160,
                -240,
                -320,
                -400,
                -480,
                -560,
                -640,
                605.1997267239369,
                525.1997267239369,
                445.1997267239369,
                365.1997267239369,
                285.1997267239369,
                205.19972672393692,
                125.19972672393692,
                45.19972672393692,
                -34.80027327606308,
                -114.80027327606308,
                -194.80027327606308,
                -274.8002732760631
            ]
        },
        {
            "x": 11853907.963323936,
            "y": 3390627.5083483118,
            "k": [
                0,
                -80,
                -160,
                -240,
                -320,
                -400,
                -480,
                765.1997267239369,
                685.1997267239369,
                605.1997267239369,
                525.1997267239369,
                445.1997267239369,
                365.1997267239369,
                285.1997267239369,
                205.19972672393692,
                125.19972672393692,
                45.19972672393692,
                -34.80027327606308,
                -114.80027327606308,
                -194.80027327606308,
                -274.8002732760631
            ]
        },
        {
            "x": 11855060.008734155,
            "y": 3393518.9250934087,
            "k": [
                0,
                1245.199726723937,
                1165.199726723937,
                1085.199726723937,
                1005.1997267239369,
                925.1997267239369,
                845.1997267239369,
                765.1997267239369,
                685.1997267239369,
                605.1997267239369,
                525.1997267239369,
                445.1997267239369,
                365.1997267239369,
                285.1997267239369,
                205.19972672393692,
                125.19972672393692,
                45.19972672393692,
                -34.80027327606308,
                -114.80027327606308,
                -194.80027327606308,
                -274.8002732760631
            ]
        }
    ],
    "kmax": [
        {
            "x": 11855477.345505137,
            "y": 3374401.700738571,
            "k": [
                0,
                1245.199726723937,
                1165.199726723937,
                1085.199726723937,
                1005.1997267239369,
                925.1997267239369,
                845.1997267239369,
                765.1997267239369,
                685.1997267239369,
                1154.1154263861108,
                1074.1154263861108,
                994.1154263861108,
                914.1154263861108,
                834.1154263861108,
                754.1154263861108,
                3932.4764720004277,
                3852.4764720004277,
                3772.4764720004277,
                3692.4764720004277,
                3612.4764720004277,
                3532.4764720004277
            ]
        },
        {
            "x": 11853907.963323936,
            "y": 3390627.5083483118,
            "k": [
                0,
                1245.199726723937,
                1165.199726723937,
                1085.199726723937,
                1005.1997267239369,
                925.1997267239369,
                845.1997267239369,
                2090.399453447874,
                2010.3994534478738,
                1930.3994534478738,
                1850.3994534478738,
                1770.3994534478738,
                1690.3994534478738,
                1610.3994534478738,
                1530.3994534478738,
                1450.3994534478738,
                1370.3994534478738,
                1290.3994534478738,
                1210.3994534478738,
                1130.3994534478738,
                1050.3994534478738
            ]
        },
        {
            "x": 11855060.008734155,
            "y": 3393518.9250934087,
            "k": [
                0,
                1245.199726723937,
                1165.199726723937,
                1085.199726723937,
                1005.1997267239369,
                925.1997267239369,
                845.1997267239369,
                765.1997267239369,
                685.1997267239369,
                605.1997267239369,
                525.1997267239369,
                445.1997267239369,
                365.1997267239369,
                285.1997267239369,
                205.19972672393692,
                125.19972672393692,
                45.19972672393692,
                -34.80027327606308,
                -114.80027327606308,
                -194.80027327606308,
                -274.8002732760631
            ]
        }
    ],
    "kest": [
        {
            "x": 11855477.345505137,
            "y": 3374401.700738571,
            "k": [
                0,
                1245.199726723937,
                1165.199726723937,
                1085.199726723937,
                1005.1997267239369,
                925.1997267239369,
                845.1997267239369,
                765.1997267239369,
                685.1997267239369,
                605.1997267239369,
                525.1997267239369,
                445.1997267239369,
                365.1997267239369,
                285.1997267239369,
                205.19972672393692,
                125.19972672393692,
                45.19972672393692,
                -34.80027327606308,
                -114.80027327606308,
                -194.80027327606308,
                -274.8002732760631
            ]
        },
        {
            "x": 11853907.963323936,
            "y": 3390627.5083483118,
            "k": [
                0,
                1245.199726723937,
                1165.199726723937,
                1085.199726723937,
                1005.1997267239369,
                925.1997267239369,
                845.1997267239369,
                1735.3132568622505,
                1655.3132568622505,
                1575.3132568622505,
                1495.3132568622505,
                1415.3132568622505,
                1335.3132568622505,
                1255.3132568622505,
                1175.3132568622505,
                1095.3132568622505,
                1015.3132568622505,
                935.3132568622505,
                855.3132568622505,
                775.3132568622505,
                695.3132568622505
            ]
        },
        {
            "x": 11855060.008734155,
            "y": 3393518.9250934087,
            "k": [
                0,
                1245.199726723937,
                1165.199726723937,
                1085.199726723937,
                1005.1997267239369,
                925.1997267239369,
                845.1997267239369,
                765.1997267239369,
                685.1997267239369,
                605.1997267239369,
                525.1997267239369,
                445.1997267239369,
                365.1997267239369,
                285.1997267239369,
                205.19972672393692,
                125.19972672393692,
                45.19972672393692,
                -34.80027327606308,
                -114.80027327606308,
                -194.80027327606308,
                -274.8002732760631
            ]
        }
    ],
    "KType": "L",
    "time": "2021-02-03T12:10:21.870Z"
}