{
    "KType": "Cross",
    "maxSpatialDistance": 2000.0,
    "maxTemporalDistance": 20,
    "temporalUnit": "MONTHS",
    "estimationTime": 3093,
    "simulationTime": 2239,
    "numPartitions": 11,
    "kmin": [
        0.0,
        20545.13530681498,
        22746.634805708527,
        26319.824487946345,
        29473.735697873122,
        33411.06748662642,
        37010.90323943959,
        41893.97794028564,
        46057.70584141914,
        50008.874722223096,
        53919.953800531024,
        58043.41912317251,
        61674.27821710121,
        65103.11814189049,
        68080.75082939377,
        71212.9856257415,
        74414.09832750342,
        77344.64841450226,
        80174.44543890128,
        82853.96575204875,
        85893.35473245886
    ],
    "kest": [
        0.0,
        21050.90324254078,
        22581.57371656531,
        24860.742170966598,
        27445.459344835603,
        30483.672789672346,
        33722.83772397507,
        37357.919064817186,
        40869.468567262746,
        44334.98007523016,
        47897.539795853976,
        51496.61507251682,
        55014.57029500361,
        58317.63315603292,
        61818.71419385723,
        65053.2304979129,
        68476.27347720141,
        71885.73371996418,
        75174.55016044517,
        78240.8332511918,
        81582.11160832297
    ],
    "kmax": [
        0.0,
        23461.806768222694,
        25614.114797621438,
        29108.014533055346,
        32720.59805529433,
        37028.32025373486,
        41116.74872047123,
        46654.96701563781,
        51352.30478251315,
        55524.594411801445,
        60038.33739033834,
        64884.56552138123,
        68973.6183259881,
        72538.79664775454,
        75811.8286202438,
        79078.96132779373,
        82649.03489061749,
        85833.58255241296,
        88897.98973688588,
        91709.02623744684,
        94988.62558182723
    ]
}