{"KType": "ST","maxSpatialDistance":20.0,"maxTemporalDistance":20,"temporalUnit":"MONTHS","kmax":[[0.0,0.0,0.0,0.0,0.0,0.0,0.0,0.0,0.0,0.0,0.0],[0.0,35839.80242517176,25872.500138655058,21266.86942175514,18722.193446649708,16906.897289847,15579.647295647275,14602.090443887357,13700.251895888043,13071.48234371955,12437.0550992355],[0.0,35963.93368236899,25957.865949357016,21335.727206419935,18840.737896152405,17011.692418361745,15674.229594271814,14688.42325846501,13780.63166326648,13146.236034689486,12507.657852605536],[0.0,36212.87847473724,26129.721452958376,21474.741578770416,18958.51614257019,17115.821439145766,15768.22055048835,14774.228168689588,13860.52202845004,13220.544331175275,12577.841729754666],[0.0,36210.87847473724,26127.721452958376,21472.741578770416,18956.51614257019,17113.821439145766,15766.22055048835,14772.228168689588,13858.52202845004,13218.544331175275,12575.841729754666],[0.0,36208.87847473724,26125.721452958376,21470.741578770416,18954.51614257019,17111.821439145766,15764.22055048835,14770.228168689588,13856.52202845004,13216.544331175275,12573.841729754666],[0.0,36206.87847473724,26123.721452958376,21468.741578770416,18952.51614257019,17109.821439145766,15762.22055048835,14768.228168689588,13854.52202845004,13214.544331175275,12571.841729754666],[0.0,36204.87847473724,26121.721452958376,21466.741578770416,18950.51614257019,17107.821439145766,15760.22055048835,14766.228168689588,13852.52202845004,13212.544331175275,12569.841729754666],[0.0,36202.87847473724,26119.721452958376,21464.741578770416,18948.51614257019,17105.821439145766,15758.22055048835,14764.228168689588,13850.52202845004,13210.544331175275,12567.841729754666],[0.0,36200.87847473724,26117.721452958376,21462.741578770416,18946.51614257019,17103.821439145766,15756.22055048835,14762.228168689588,13848.52202845004,13208.544331175275,12565.841729754666],[0.0,36198.87847473724,26115.721452958376,21460.741578770416,18944.51614257019,17101.821439145766,15754.22055048835,14760.228168689588,13846.52202845004,13206.544331175275,12563.841729754666]],"kest":[[0.0,0.0,0.0,0.0,0.0,0.0,0.0,0.0,0.0,0.0,0.0],[0.0,36183.47195702839,26110.57450461713,21600.182788592938,19006.22299142249,17211.25056079503,15854.92451909832,14766.53429140472,13894.41203873895,13214.38081778319,12572.227409985286],[0.0,36306.409431003856,26195.146425147203,21667.9508119719,19063.692685933554,17314.168950163545,15947.840206356443,14851.88935840055,13973.647535403452,13288.309396683724,12642.054144153994],[0.0,36304.409431003856,26193.146425147203,21665.9508119719,19061.692685933554,17312.168950163545,15945.840206356443,14849.88935840055,13971.647535403452,13286.309396683724,12640.054144153994],[0.0,36302.409431003856,26191.146425147203,21663.9508119719,19059.692685933554,17310.168950163545,15943.840206356443,14847.88935840055,13969.647535403452,13284.309396683724,12638.054144153994],[0.0,36300.409431003856,26189.146425147203,21661.9508119719,19057.692685933554,17308.168950163545,15941.840206356443,14845.88935840055,13967.647535403452,13282.309396683724,12636.054144153994],[0.0,36298.409431003856,26187.146425147203,21659.9508119719,19055.692685933554,17306.168950163545,15939.840206356443,14843.88935840055,13965.647535403452,13280.309396683724,12634.054144153994],[0.0,36296.409431003856,26185.146425147203,21657.9508119719,19053.692685933554,17304.168950163545,15937.840206356443,14841.88935840055,13963.647535403452,13278.309396683724,12632.054144153994],[0.0,36294.409431003856,26183.146425147203,21655.9508119719,19051.692685933554,17302.168950163545,15935.840206356443,14839.88935840055,13961.647535403452,13276.309396683724,12630.054144153994],[0.0,36292.409431003856,26181.146425147203,21653.9508119719,19049.692685933554,17300.168950163545,15933.840206356443,14837.88935840055,13959.647535403452,13274.309396683724,12628.054144153994],[0.0,36290.409431003856,26179.146425147203,21651.9508119719,19047.692685933554,17298.168950163545,15931.840206356443,14835.88935840055,13957.647535403452,13272.309396683724,12626.054144153994]],"kmin":[[0.0,0.0,0.0,0.0,0.0,0.0,0.0,0.0,0.0,0.0,0.0],[0.0,35839.80242517176,25872.500138655058,21266.86942175514,18722.193446649708,16906.897289847,15579.647295647275,14602.090443887357,13700.251895888043,13071.48234371955,12437.0550992355],[0.0,35963.93368236899,25957.865949357016,21335.727206419935,18840.737896152405,17011.692418361745,15674.229594271814,14688.42325846501,13780.63166326648,13146.236034689486,12507.657852605536],[0.0,36212.87847473724,26129.721452958376,21474.741578770416,18958.51614257019,17115.821439145766,15768.22055048835,14774.228168689588,13860.52202845004,13220.544331175275,12577.841729754666],[0.0,36210.87847473724,26127.721452958376,21472.741578770416,18956.51614257019,17113.821439145766,15766.22055048835,14772.228168689588,13858.52202845004,13218.544331175275,12575.841729754666],[0.0,36208.87847473724,26125.721452958376,21470.741578770416,18954.51614257019,17111.821439145766,15764.22055048835,14770.228168689588,13856.52202845004,13216.544331175275,12573.841729754666],[0.0,36206.87847473724,26123.721452958376,21468.741578770416,18952.51614257019,17109.821439145766,15762.22055048835,14768.228168689588,13854.52202845004,13214.544331175275,12571.841729754666],[0.0,36204.87847473724,26121.721452958376,21466.741578770416,18950.51614257019,17107.821439145766,15760.22055048835,14766.228168689588,13852.52202845004,13212.544331175275,12569.841729754666],[0.0,36202.87847473724,26119.721452958376,21464.741578770416,18948.51614257019,17105.821439145766,15758.22055048835,14764.228168689588,13850.52202845004,13210.544331175275,12567.841729754666],[0.0,36200.87847473724,26117.721452958376,21462.741578770416,18946.51614257019,17103.821439145766,15756.22055048835,14762.228168689588,13848.52202845004,13208.544331175275,12565.841729754666],[0.0,36198.87847473724,26115.721452958376,21460.741578770416,18944.51614257019,17101.821439145766,15754.22055048835,14760.228168689588,13846.52202845004,13206.544331175275,12563.841729754666]]}